{
  "_format": "hh-sol-cache-2",
  "files": {
    "/home/bsetec/Documents/solidity/sendTokens/contracts/sendOne.sol": {
      "lastModificationDate": 1692708858519,
      "contentHash": "7471524dc22823f89401aa12a67582ca",
      "sourceName": "contracts/sendOne.sol",
      "solcConfig": {
        "version": "0.8.19",
        "settings": {
          "optimizer": {
            "enabled": false,
            "runs": 200
          },
          "outputSelection": {
            "*": {
              "*": [
                "abi",
                "evm.bytecode",
                "evm.deployedBytecode",
                "evm.methodIdentifiers",
                "metadata"
              ],
              "": [
                "ast"
              ]
            }
          }
        }
      },
      "imports": [
        "hardhat/console.sol"
      ],
      "versionPragmas": [
        "^0.8.19"
      ],
      "artifacts": [
        "SendOne"
      ]
    },
    "/home/bsetec/Documents/solidity/sendTokens/node_modules/hardhat/console.sol": {
      "lastModificationDate": 1692702469348,
      "contentHash": "896f68942c3a20e9ae3c3c5bfd3add54",
      "sourceName": "hardhat/console.sol",
      "solcConfig": {
        "version": "0.8.19",
        "settings": {
          "optimizer": {
            "enabled": false,
            "runs": 200
          },
          "outputSelection": {
            "*": {
              "*": [
                "abi",
                "evm.bytecode",
                "evm.deployedBytecode",
                "evm.methodIdentifiers",
                "metadata"
              ],
              "": [
                "ast"
              ]
            }
          }
        }
      },
      "imports": [],
      "versionPragmas": [
        ">=0.4.22 <0.9.0"
      ],
      "artifacts": [
        "console"
      ]
    },
    "/home/bsetec/Documents/solidity/sendTokens/contracts/singleSender.sol": {
      "lastModificationDate": 1692767370403,
      "contentHash": "dbb6bb858fb236c14bc7d9b2005ca38a",
      "sourceName": "contracts/singleSender.sol",
      "solcConfig": {
        "version": "0.8.19",
        "settings": {
          "optimizer": {
            "enabled": false,
            "runs": 200
          },
          "outputSelection": {
            "*": {
              "*": [
                "abi",
                "evm.bytecode",
                "evm.deployedBytecode",
                "evm.methodIdentifiers",
                "metadata"
              ],
              "": [
                "ast"
              ]
            }
          }
        }
      },
      "imports": [],
      "versionPragmas": [
        "^0.8.19"
      ],
      "artifacts": [
        "SingleSender"
      ]
    },
    "/home/bsetec/Documents/solidity/sendTokens/contracts/multipleReceiver.sol": {
      "lastModificationDate": 1692768634660,
      "contentHash": "be0eb92e5b40ca96e64b87a99b1b146b",
      "sourceName": "contracts/multipleReceiver.sol",
      "solcConfig": {
        "version": "0.8.19",
        "settings": {
          "optimizer": {
            "enabled": false,
            "runs": 200
          },
          "outputSelection": {
            "*": {
              "*": [
                "abi",
                "evm.bytecode",
                "evm.deployedBytecode",
                "evm.methodIdentifiers",
                "metadata"
              ],
              "": [
                "ast"
              ]
            }
          }
        }
      },
      "imports": [],
      "versionPragmas": [
        "^0.8.19"
      ],
      "artifacts": [
        "MultipleReceiver"
      ]
    },
    "/home/bsetec/Documents/solidity/sendTokens/contracts/lottery.sol": {
      "lastModificationDate": 1692795736851,
      "contentHash": "8ec93a94211192f51ac7895b3f1d48d4",
      "sourceName": "contracts/lottery.sol",
      "solcConfig": {
        "version": "0.8.19",
        "settings": {
          "optimizer": {
            "enabled": false,
            "runs": 200
          },
          "outputSelection": {
            "*": {
              "*": [
                "abi",
                "evm.bytecode",
                "evm.deployedBytecode",
                "evm.methodIdentifiers",
                "metadata"
              ],
              "": [
                "ast"
              ]
            }
          }
        }
      },
      "imports": [],
      "versionPragmas": [
        "^0.8.19"
      ],
      "artifacts": [
        "Lottery"
      ]
    },
    "/home/bsetec/Documents/solidity/sendTokens/contracts/lotteryFirst.sol": {
      "lastModificationDate": 1692863454832,
      "contentHash": "49fed88de8fe9213adee852fe880df00",
      "sourceName": "contracts/lotteryFirst.sol",
      "solcConfig": {
        "version": "0.8.19",
        "settings": {
          "optimizer": {
            "enabled": false,
            "runs": 200
          },
          "outputSelection": {
            "*": {
              "*": [
                "abi",
                "evm.bytecode",
                "evm.deployedBytecode",
                "evm.methodIdentifiers",
                "metadata"
              ],
              "": [
                "ast"
              ]
            }
          }
        }
      },
      "imports": [],
      "versionPragmas": [
        "^0.8.19"
      ],
      "artifacts": [
        "LotteryFirst"
      ]
    }
  }
}
